{"Training loss": 39.19139099121094, "Validation loss": 53.39835739135742, "Epoch": 1, "_timestamp": 1709556253.6459699, "_runtime": 1528.7043447494507, "_step": 1, "_wandb": {"runtime": 1541}}